{"cameraMode":{"drawMode":0,"name":"Shaded","section":"Shading Mode"},"sceneLighting":true,"audioPlay":false,"sceneViewState":{"showFog":true,"showMaterialUpdate":true,"showSkybox":true,"showFlares":true,"showImageEffects":true,"showParticleSystems":true},"in2DMode":false,"pivot":{"x":11.955902099609375,"y":744.9476318359375,"z":99.74231719970703},"rotation":{"x":0.024151047691702844,"y":0.5305473208427429,"z":-0.01512485183775425,"w":0.8471773862838745},"size":60.93623352050781,"orthographic":false}