{"cameraMode":{"drawMode":0,"name":"Shaded","section":"Shading Mode"},"sceneLighting":false,"audioPlay":false,"sceneViewState":{"showFog":true,"showMaterialUpdate":true,"showSkybox":false,"showFlares":true,"showImageEffects":true,"showParticleSystems":true},"in2DMode":false,"pivot":{"x":-33.398719787597659,"y":46.96826934814453,"z":-118.361572265625},"rotation":{"x":-0.015497367829084397,"y":-0.11522934585809708,"z":-0.0017978422110900283,"w":0.9932166337966919},"size":188.69290161132813,"orthographic":false}